"series_episode","first_name","last_name"
1,"Marc","Murphy"
2,"Aaron","Sanchez"
3,"Aaron","Sanchez"
4,"Scott","Conant"
5,"Geoffrey","Zakarian"
6,"Chris","Santos"
7,"Scott","Conant"
8,"Aaron","Sanchez"
9,"Chris","Santos"
10,"Scott","Conant"
11,"Geoffrey","Zakarian"
12,"Aaron","Sanchez"
13,"Scott","Conant"
14,"Aaron","Sanchez"
15,"Chris","Santos"
16,"Scott","Conant"
17,"Scott","Conant"
18,"Chris","Santos"
19,"Geoffrey","Zakarian"
20,"Scott","Conant"
21,"Aaron","Sanchez"
22,"Chris","Santos"
23,"Geoffrey","Zakarian"
24,"Scott","Conant"
25,"Chris","Santos"
26,"Scott","Conant"
27,"Geoffrey","Zakarian"
28,"Aaron","Sanchez"
29,"Chris","Santos"
30,"Josh","Capon"
31,"Geoffrey","Zakarian"
32,"Scott","Conant"
33,"Geoffrey","Zakarian"
34,"Aaron","Sanchez"
35,"Geoffrey","Zakarian"
36,"Scott","Conant"
37,"Scott","Conant"
38,"Mark","Bittman"
39,"Scott","Conant"
40,"Chris","Santos"
41,"Scott","Conant"
42,"Scott","Conant"
43,"Scott","Conant"
44,"Marcus","Samuelsson"
45,"Scott","Conant"
46,"Chris","Santos"
47,"Amanda","Freitag"
48,"Scott","Conant"
49,"Chris","Santos"
50,"Chris","Santos"
51,"Scott","Conant"
52,"Geoffrey","Zakarian"
53,"Geoffrey","Zakarian"
54,"Geoffrey","Zakarian"
55,"Marcus","Samuelsson"
56,"Chris","Santos"
57,"Geoffrey","Zakarian"
58,"Geoffrey","Zakarian"
59,"Chris","Santos"
60,"Geoffrey","Zakarian"
61,"Amanda","Freitag"
62,"Aaron","Sanchez"
63,"Chris","Santos"
64,"Chris","Santos"
65,"Aaron","Sanchez"
66,"Scott","Conant"
67,"Scott","Conant"
68,"Scott","Conant"
69,"Scott","Conant"
70,"Scott","Conant"
71,"Marcus","Samuelsson"
72,"Marc","Murphy"
73,"Marc","Murphy"
74,"Chris","Santos"
75,"Marc","Murphy"
76,"Scott","Conant"
77,"Scott","Conant"
78,"Chris","Santos"
79,"Chris","Santos"
80,"Geoffrey","Zakarian"
81,"Aaron","Sanchez"
82,"Amanda","Freitag"
83,"Aaron","Sanchez"
84,"Chris","Santos"
85,"Geoffrey","Zakarian"
86,"Aaron","Sanchez"
87,"Geoffrey","Zakarian"
88,"Geoffrey","Zakarian"
89,"Zakary","Pelaccio"
90,"Geoffrey","Zakarian"
91,"Aaron","Sanchez"
92,"Aaron","Sanchez"
93,"Aaron","Sanchez"
94,"Chris","Santos"
95,"Aaron","Sanchez"
96,"Aaron","Sanchez"
97,"Geoffrey","Zakarian"
98,"Geoffrey","Zakarian"
99,"Marc","Murphy"
100,"Geoffrey","Zakarian"
101,"Marc","Murphy"
102,"Scott","Conant"
103,"Scott","Conant"
104,"Marc","Murphy"
105,"Chris","Santos"
106,"Scott","Conant"
107,"Marc","Murphy"
108,"Scott","Conant"
109,"Scott","Conant"
110,"Chris","Santos"
111,"Scott","Conant"
112,"Chris","Santos"
113,"Chris","Santos"
114,"Chris","Santos"
115,"Marc","Murphy"
116,"Geoffrey","Zakarian"
117,"Scott","Conant"
118,"Geoffrey","Zakarian"
119,"Scott","Conant"
120,"Geoffrey","Zakarian"
121,"Amanda","Freitag"
122,"Chris","Santos"
123,"Scott","Conant"
124,"Scott","Conant"
125,"Scott","Conant"
126,"Chris","Santos"
127,"Scott","Conant"
128,"Scott","Conant"
129,"Marc","Murphy"
130,"Chris","Santos"
131,"Seamus","Mullen"
132,"Geoffrey","Zakarian"
133,"Chris","Santos"
134,"Maneet","Chauhan"
135,"Geoffrey","Zakarian"
136,"Aaron","Sanchez"
137,"Geoffrey","Zakarian"
138,"Marc","Murphy"
139,"Marc","Murphy"
140,"Marc","Murphy"
141,"Geoffrey","Zakarian"
142,"Chris","Santos"
143,"Geoffrey","Zakarian"
144,"Geoffrey","Zakarian"
145,"Chris","Santos"
146,"Marc","Murphy"
147,"Chris","Santos"
148,"Chris","Santos"
149,"Scott","Conant"
150,"Scott","Conant"
151,"Chris","Santos"
152,"Aaron","Sanchez"
153,"Scott","Conant"
154,"Scott","Conant"
155,"Scott","Conant"
156,"Scott","Conant"
157,"Scott","Conant"
158,"Chris","Santos"
159,"Geoffrey","Zakarian"
160,"Scott","Conant"
161,"Marc","Murphy"
162,"Geoffrey","Zakarian"
163,"Scott","Conant"
164,"Scott","Conant"
165,"Aaron","Sanchez"
166,"Geoffrey","Zakarian"
167,"Marc","Murphy"
168,"Marc","Murphy"
169,"Geoffrey","Zakarian"
170,"Chris","Santos"
171,"Geoffrey","Zakarian"
172,"Geoffrey","Zakarian"
173,"Geoffrey","Zakarian"
174,"Scott","Conant"
175,"Scott","Conant"
176,"Scott","Conant"
177,"Marc","Murphy"
178,"Marc","Murphy"
179,"Geoffrey","Zakarian"
180,"Amanda","Freitag"
181,"Scott","Conant"
182,"Scott","Conant"
183,"Elizabeth","Karmel"
184,"Marc","Murphy"
185,"Amanda","Freitag"
186,"Scott","Conant"
187,"Chris","Santos"
188,"Scott","Conant"
189,"Aaron","Sanchez"
190,"Marcus","Samuelsson"
191,"Scott","Conant"
192,"Marc","Murphy"
193,"Scott","Conant"
194,"Scott","Conant"
195,"Marc","Murphy"
196,"Geoffrey","Zakarian"
197,"Marc","Murphy"
198,"Marc","Murphy"
199,"Chris","Santos"
200,"Geoffrey","Zakarian"
201,"Geoffrey","Zakarian"
202,"Chris","Santos"
203,"Marc","Murphy"
204,"Scott","Conant"
205,"Aaron","Sanchez"
206,"Chris","Santos"
207,"Marc","Murphy"
208,"Scott","Conant"
209,"Scott","Conant"
210,"Marc","Murphy"
211,"Marcus","Samuelsson"
212,"Geoffrey","Zakarian"
213,"Marc","Murphy"
214,"Joseph","Brown"
215,"Amanda","Freitag"
216,"Aaron","Sanchez"
217,"Scott","Conant"
218,"Aaron","Sanchez"
219,"Amanda","Freitag"
220,"Amanda","Freitag"
221,"Aaron","Sanchez"
222,"Scott","Conant"
223,"Scott","Conant"
224,"Chris","Santos"
225,"Geoffrey","Zakarian"
226,"Scott","Conant"
227,"Scott","Conant"
228,"Scott","Conant"
229,"Geoffrey","Zakarian"
230,"Chris","Santos"
231,"Chris","Santos"
232,"Maneet","Chauhan"
233,"Marc","Murphy"
234,"Marc","Murphy"
235,"Chris","Santos"
236,"Scott","Conant"
237,"Scott","Conant"
238,"Scott","Conant"
239,"Scott","Conant"
240,"Chris","Santos"
241,"Aaron","Sanchez"
242,"Alex","Guarnaschelli"
243,"Aaron","Sanchez"
244,"Geoffrey","Zakarian"
245,"Edi","Frauneder"
246,"Marc","Murphy"
247,"Marc","Murphy"
248,"Aaron","Sanchez"
249,"Chris","Santos"
250,"Maneet","Chauhan"
251,"Aaron","Sanchez"
252,"Marc","Murphy"
253,"Marc","Murphy"
254,"Chris","Santos"
255,"Chris","Santos"
256,"Amanda","Freitag"
257,"Peter","Oleyer"
258,"Marc","Murphy"
259,"Aaron","Sanchez"
260,"Aaron","Sanchez"
261,"Aaron","Sanchez"
262,"Scott","Conant"
263,"Geoffrey","Zakarian"
264,"Geoffrey","Zakarian"
265,"Amanda","Freitag"
266,"Aaron","Sanchez"
267,"Michael","Chernow"
268,"Maneet","Chauhan"
269,"Aaron","Sanchez"
270,"Andrew","Zimmern"
271,"Amanda","Freitag"
272,"Aaron","Sanchez"
273,"Chris","Santos"
274,"Christina","Tosi"
275,"Michelle","Bernstein"
276,"Elizabeth","Karmel"
277,"Natasha","Case"
278,"Jeff","Mauro"
279,"Amanda","Freitag"
280,"Marc","Murphy"
281,"Adam","Moskowitz"
282,"Aaron","Sanchez"
283,"Aaron","Sanchez"
284,"Marc","Murphy"
285,"Marc","Murphy"
286,"Aaron","Sanchez"
287,"Marc","Murphy"
288,"Maneet","Chauhan"
289,"Chris","Santos"
290,"Alex","Guarnaschelli"
291,"Amanda","Freitag"
292,"Marc","Murphy"
293,"Aaron","Sanchez"
294,"Aaron","Sanchez"
295,"Geoffrey","Zakarian"
296,"Geoffrey","Zakarian"
297,"Aaron","Sanchez"
298,"Scott","Conant"
299,"Marc","Murphy"
300,"Marc","Murphy"
301,"Aaron","Sanchez"
302,"Geoffrey","Zakarian"
303,"Marcus","Samuelsson"
304,"Amanda","Freitag"
305,"Amanda","Freitag"
306,"Chris","Santos"
307,"Chris","Santos"
308,"Marc","Murphy"
309,"Chris","Santos"
310,"Aaron","Sanchez"
311,"Chris","Santos"
312,"Marcus","Samuelsson"
313,"Geoffrey","Zakarian"
314,"Marc","Murphy"
315,"Marc","Murphy"
316,"Maneet","Chauhan"
317,"Aaron","Sanchez"
318,"Marc","Murphy"
319,"Scott","Conant"
320,"Marc","Murphy"
321,"Geoffrey","Zakarian"
322,"Amanda","Freitag"
323,"Geoffrey","Zakarian"
324,"Aaron","Sanchez"
325,"Christian","Petroni"
326,"Geoffrey","Zakarian"
327,"Aaron","Sanchez"
328,"Scott","Conant"
329,"Aaron","Sanchez"
330,"Scott","Conant"
331,"Geoffrey","Zakarian"
332,"Chris","Santos"
333,"Aaron","Sanchez"
334,"Amanda","Freitag"
335,"Chris","Santos"
336,"Chris","Santos"
337,"Chris","Santos"
338,"Aaron","Sanchez"
339,"Aaron","Sanchez"
340,"Geoffrey","Zakarian"
341,"Aaron","Sanchez"
342,"Amanda","Freitag"
343,"Aaron","Sanchez"
344,"Marc","Murphy"
345,"Marcus","Samuelsson"
346,"Aaron","Sanchez"
347,"Marc","Murphy"
348,"Geoffrey","Zakarian"
349,"Scott","Conant"
350,"Marc","Murphy"
351,"Marc","Murphy"
352,"Geoffrey","Zakarian"
353,"Marc","Murphy"
354,"Geoffrey","Zakarian"
355,"Aaron","Sanchez"
356,"Scott","Conant"
357,"Scott","Conant"
358,"Scott","Conant"
359,"Aaron","Sanchez"
360,"Scott","Conant"
361,"Scott","Conant"
362,"Scott","Conant"
363,"Anne","Burrell"
364,"Geoffrey","Zakarian"
365,"Scott","Conant"
366,"Maneet","Chauhan"
367,"Marcus","Samuelsson"
368,"Marcus","Samuelsson"
369,"Scott","Conant"
370,"Scott","Conant"
371,"Scott","Conant"
372,"Scott","Conant"
373,"Marc","Murphy"
374,"Bobby","Flay"
375,"Maneet","Chauhan"
376,"Bobby","Flay"
377,"Chris","Santos"
378,"Bobby","Flay"
379,"Aaron","Sanchez"
380,"Amanda","Freitag"
381,"Aaron","Sanchez"
382,"Scott","Conant"
383,"Amanda","Freitag"
384,"Chris","Santos"
385,"Marcus","Samuelsson"
386,"Aaron","Sanchez"
387,"Geoffrey","Zakarian"
388,"Marc","Murphy"
389,"Marcus","Samuelsson"
390,"Marc","Murphy"
391,"Chris","Santos"
392,"Marc","Murphy"
393,"Aaron","Sanchez"
394,"Chris","Santos"
395,"Chris","Santos"
396,"Scott","Conant"
397,"Maneet","Chauhan"
398,"Marc","Murphy"
399,"Geoffrey","Zakarian"
400,"Chris","Santos"
401,"Chris","Santos"
402,"Chris","Santos"
403,"Scott","Conant"
404,"Marcus","Samuelsson"
405,"Geoffrey","Zakarian"
406,"Scott","Conant"
407,"Scott","Conant"
408,"Marcus","Samuelsson"
409,"Geoffrey","Zakarian"
410,"Marc","Murphy"
411,"Marc","Murphy"
412,"Marc","Murphy"
413,"Marc","Murphy"
414,"Marcus","Samuelsson"
415,"Scott","Conant"
416,"Scott","Conant"
417,"Scott","Conant"
418,"Scott","Conant"
419,"Nancy","Silverton"
420,"Alton","Brown"
421,"Alton","Brown"
422,"Alton","Brown"
423,"Alton","Brown"
424,"Alton","Brown"
425,"Scott","Conant"
426,"Scott","Conant"
427,"Scott","Conant"
428,"Maneet","Chauhan"
429,"Marc","Murphy"
430,"Marcus","Samuelsson"
431,"Geoffrey","Zakarian"
432,"Scott","Conant"
433,"Scott","Conant"
434,"Chris","Santos"
435,"Geoffrey","Zakarian"
436,"Alex","Guarnaschelli"
437,"Scott","Conant"
438,"Scott","Conant"
439,"Marc","Murphy"
440,"Scott","Conant"
441,"Scott","Conant"
442,"Marc","Murphy"
443,"Marc","Murphy"
444,"Scott","Conant"
445,"Scott","Conant"
446,"Geoffrey","Zakarian"
447,"Chris","Santos"
448,"Geoffrey","Zakarian"
449,"Scott","Conant"
450,"Chris","Santos"
451,"Scott","Conant"
452,"Scott","Conant"
453,"Chris","Santos"
454,"Adam","Sobel"
455,"Scott","Conant"
456,"Chris","Santos"
457,"Martha","Stewart"
458,"Stuart","O'Keeffe"
459,"Angie","Mar"
460,"Scott","Conant"
461,"Jeff","Mauro"
462,"Scott","Conant"
463,"Scott","Conant"
464,"Scott","Conant"
465,"Maneet","Chauhan"
466,"Marc","Murphy"
467,"Chris","Santos"
468,"Chris","Santos"
469,"Chris","Santos"
470,"Scott","Conant"
471,"Geoffrey","Zakarian"
472,"Scott","Conant"
473,"Martha","Stewart"
474,"Martha","Stewart"
475,"Martha","Stewart"
476,"Marc","Murphy"
477,"Maneet","Chauhan"
478,"Scott","Conant"
479,"Scott","Conant"
480,"Geoffrey","Zakarian"
481,"Alex","Guarnaschelli"
482,"Scott","Conant"
483,"Marc","Murphy"
484,"Martha","Stewart"
485,"Martha","Stewart"
486,"Martha","Stewart"
487,"Martha","Stewart"
488,"Chris","Santos"
489,"Scott","Conant"
490,"Scott","Conant"
491,"Scott","Conant"
492,"Marc","Murphy"
493,"Chris","Santos"
494,"Chris","Santos"
495,"Chris","Santos"
496,"Martha","Stewart"
497,"Geoffrey","Zakarian"
498,"Marc","Murphy"
499,"Martha","Stewart"
500,"Chris","Santos"
501,"Marc","Murphy"
502,"Scott","Conant"
503,"Scott","Conant"
504,"Scott","Conant"
505,"Scott","Conant"
506,"Marcus","Samuelsson"
507,"Scott","Conant"
508,"Marc","Murphy"
509,"Chris","Santos"
510,"Chris","Santos"
511,"Scott","Conant"
512,"Martha","Stewart"
513,"Angie","Mar"
514,"Alex","Guarnaschelli"
515,"Geoffrey","Zakarian"
516,"Scott","Conant"
517,"Scott","Conant"
518,"Geoffrey","Zacharian"
519,"Marcus","Samuelsson"
520,"Marcus","Samuelsson"
521,"Chris","Santos"
522,"Geoffrey","Zakarian"
523,"Martha","Stewart"
524,"Geoffrey","Zakarian"
525,"Chris","Santos"
526,"Scott","Conant"
527,"Scott","Conant"
528,"Marc","Murphy"
529,"Marc","Murphy"
530,"Amanda","Freitag"
531,"Maneet","Chauhan"
532,"Geoffrey","Zakarian"
533,"Maneet","Chauhan"
534,"Maneet","Chauhan"
535,"Maureen","McCormick"
536,"Barry","Williams"
537,"Marc","Murphy"
538,"Chris","Santos"
539,"Maneet","Chauhan"
540,"Alex","Guarnaschelli"
541,"Marc","Murphy"
542,"Marc","Murphy"
543,"Chris","Santos"
544,"Marc","Murphy"
545,"Chris","Santos"
546,"Scott","Conant"
547,"Marc","Murphy"
548,"Scott","Conant"
549,"Amanda","Freitag"
550,"Geoffrey","Zakarian"
551,"Geoffrey","Zakarian"
552,"Chris","Santos"
553,"Chris","Santos"
554,"Chris","Santos"
555,"Maneet","Chauhan"
556,"Chris","Santos"
557,"Scott","Conant"
558,"Marc","Murphy"
559,"Scott","Conant"
560,"Scott","Conant"
561,"Geoffrey","Zakarian"
562,"Marc","Murphy"
563,"Marc","Murphy"
564,"Chris","Santos"
565,"Amanda","Freitag"
566,"Scott","Conant"
567,"Maneet","Chauhan"
568,"Chris","Santos"
1,"Alex","Guarnaschelli"
2,"Alex","Guarnaschelli"
3,"Alex","Guarnaschelli"
4,"Amanda","Freitag"
5,"Alex","Guarnaschelli"
6,"Alex","Guarnaschelli"
7,"Alex","Guarnaschelli"
8,"Alex","Guarnaschelli"
9,"Amanda","Freitag"
10,"Amanda","Freitag"
11,"Alex","Guarnaschelli"
12,"Alex","Guarnaschelli"
13,"Amanda","Freitag"
14,"Alex","Guarnaschelli"
15,"Alex","Guarnaschelli"
16,"Amanda","Freitag"
17,"Amanda","Freitag"
18,"Alex","Guarnaschelli"
19,"Alex","Guarnaschelli"
20,"Amanda","Freitag"
21,"Alex","Guarnaschelli"
22,"Alex","Guarnaschelli"
23,"Alex","Guarnaschelli"
24,"Jody","Williams"
25,"Geoffrey","Zakarian"
26,"Alex","Guarnaschelli"
27,"Scott","Conant"
28,"Jody","Williams"
29,"Scott","Conant"
30,"Alex","Guarnaschelli"
31,"Alex","Guarnaschelli"
32,"Alex","Guarnaschelli"
33,"Sue","Torres"
34,"Scott","Conant"
35,"Sue","Torres"
36,"Alex","Guarnaschelli"
37,"Alex","Guarnaschelli"
38,"Amanda","Freitag"
39,"Alex","Guarnaschelli"
40,"Alex","Guarnaschelli"
41,"Amanda","Freitag"
42,"Jody","Williams"
43,"Amanda","Freitag"
44,"Alex","Guarnaschelli"
45,"Alex","Guarnaschelli"
46,"Amanda","Freitag"
47,"Alex","Guarnaschelli"
48,"Geoffrey","Zakarian"
49,"Amanda","Freitag"
50,"Scott","Conant"
51,"Amanda","Freitag"
52,"Alex","Guarnaschelli"
53,"Alex","Guarnaschelli"
54,"Alex","Guarnaschelli"
55,"Alex","Guarnaschelli"
56,"Amanda","Freitag"
57,"Amanda","Freitag"
58,"Alex","Guarnaschelli"
59,"Alex","Guarnaschelli"
60,"Alex","Guarnaschelli"
61,"Alex","Guarnaschelli"
62,"Alex","Guarnaschelli"
63,"Amanda","Freitag"
64,"Sue","Torres"
65,"Alex","Guarnaschelli"
66,"Geoffrey","Zakarian"
67,"Maneet","Chauhan"
68,"Amanda","Freitag"
69,"Amanda","Freitag"
70,"Alex","Guarnaschelli"
71,"Alex","Guarnaschelli"
72,"Alex","Guarnaschelli"
73,"Alex","Guarnaschelli"
74,"Alex","Guarnaschelli"
75,"Alex","Guarnaschelli"
76,"Maneet","Chauhan"
77,"Amanda","Freitag"
78,"Amanda","Freitag"
79,"Amanda","Freitag"
80,"Amanda","Freitag"
81,"Alex","Guarnaschelli"
82,"Alex","Guarnaschelli"
83,"Amanda","Freitag"
84,"Maneet","Chauhan"
85,"Amanda","Freitag"
86,"Alex","Guarnaschelli"
87,"Amanda","Freitag"
88,"Amanda","Freitag"
89,"Amanda","Freitag"
90,"Amanda","Freitag"
91,"Alex","Guarnaschelli"
92,"Geoffrey","Zakarian"
93,"Amanda","Freitag"
94,"Alex","Guarnaschelli"
95,"Alex","Guarnaschelli"
96,"Alex","Guarnaschelli"
97,"Alex","Guarnaschelli"
98,"Maneet","Chauhan"
99,"Alex","Guarnaschelli"
100,"Alex","Guarnaschelli"
101,"Alex","Guarnaschelli"
102,"Amanda","Freitag"
103,"Maneet","Chauhan"
104,"Amanda","Freitag"
105,"Maneet","Chauhan"
106,"Alex","Guarnaschelli"
107,"Amanda","Freitag"
108,"Geoffrey","Zakarian"
109,"Alex","Guarnaschelli"
110,"Alex","Guarnaschelli"
111,"Geoffrey","Zakarian"
112,"Alex","Guarnaschelli"
113,"Amanda","Freitag"
114,"Amanda","Freitag"
115,"Missy","Robbins"
116,"Alex","Guarnaschelli"
117,"Geoffrey","Zakarian"
118,"Amanda","Freitag"
119,"Amanda","Freitag"
120,"Amanda","Freitag"
121,"Chris","Santos"
122,"Elizabeth","Karmel"
123,"Maneet","Chauhan"
124,"Marcus","Samuelsson"
125,"Zakary","Pelaccio"
126,"Amanda","Freitag"
127,"Geoffrey","Zakarian"
128,"Alex","Guarnaschelli"
129,"Zakary","Pelaccio"
130,"Alex","Guarnaschelli"
131,"Amanda","Freitag"
132,"Chris","Santos"
133,"Amanda","Freitag"
134,"Amanda","Freitag"
135,"Alex","Guarnaschelli"
136,"Amanda","Freitag"
137,"Amanda","Freitag"
138,"Alex","Guarnaschelli"
139,"Alex","Guarnaschelli"
140,"Amanda","Freitag"
141,"Alex","Guarnaschelli"
142,"Maneet","Chauhan"
143,"Chris","Santos"
144,"Alex","Guarnaschelli"
145,"Maneet","Chauhan"
146,"Alex","Guarnaschelli"
147,"Alex","Guarnaschelli"
148,"Amanda","Freitag"
149,"Geoffrey","Zakarian"
150,"Alex","Guarnaschelli"
151,"Alex","Guarnaschelli"
152,"Alex","Guarnaschelli"
153,"Alex","Guarnaschelli"
154,"Marco","Canora"
155,"Lee","Wong"
156,"Alex","Guarnaschelli"
157,"Amanda","Freitag"
158,"Aaron","Sanchez"
159,"Amanda","Freitag"
160,"Alex","Guarnaschelli"
161,"Amanda","Freitag"
162,"Alex","Guarnaschelli"
163,"Amanda","Freitag"
164,"Maneet","Chauhan"
165,"Alex","Guarnaschelli"
166,"Alex","Guarnaschelli"
167,"Lee","Wong"
168,"Alex","Guarnaschelli"
169,"Maneet","Chauhan"
170,"Maneet","Chauhan"
171,"Marcus","Samuelsson"
172,"Maneet","Chauhan"
173,"Aaron","Sanchez"
174,"Amanda","Freitag"
175,"Amanda","Freitag"
176,"Marc","Murphy"
177,"Chris","Santos"
178,"Alex","Guarnaschelli"
179,"Alex","Guarnaschelli"
180,"Aaron","Sanchez"
181,"Amanda","Freitag"
182,"Alex","Guarnaschelli"
183,"Maneet","Chauhan"
184,"Maneet","Chauhan"
185,"Marc","Murphy"
186,"Maneet","Chauhan"
187,"Amanda","Freitag"
188,"Alex","Guarnaschelli"
189,"Alex","Guarnaschelli"
190,"Elizabeth","Karmel"
191,"Geoffrey","Zakarian"
192,"Amanda","Freitag"
193,"Amanda","Freitag"
194,"Alex","Guarnaschelli"
195,"Maneet","Chauhan"
196,"Maneet","Chauhan"
197,"Amanda","Freitag"
198,"Alex","Guarnaschelli"
199,"Maneet","Chauhan"
200,"Alex","Guarnaschelli"
201,"Maneet","Chauhan"
202,"Alex","Guarnaschelli"
203,"Amanda","Freitag"
204,"Chris","Santos"
205,"Amanda","Freitag"
206,"Amanda","Freitag"
207,"Alex","Guarnaschelli"
208,"Chris","Santos"
209,"Alex","Guarnaschelli"
210,"Alex","Guarnaschelli"
211,"Maneet","Chauhan"
212,"Maneet","Chauhan"
213,"Geoffrey","Zakarian"
214,"Alex","Guarnaschelli"
215,"Aaron","Sanchez"
216,"Marcus","Samuelsson"
217,"Alex","Guarnaschelli"
218,"Marcus","Samuelsson"
219,"Alex","Guarnaschelli"
220,"Alex","Guarnaschelli"
221,"Maneet","Chauhan"
222,"Amanda","Freitag"
223,"Chris","Santos"
224,"Alex","Guarnaschelli"
225,"Amanda","Freitag"
226,"Alex","Guarnaschelli"
227,"Amanda","Freitag"
228,"Amanda","Freitag"
229,"Alex","Guarnaschelli"
230,"Maneet","Chauhan"
231,"Maneet","Chauhan"
232,"Alex","Guarnaschelli"
233,"Alex","Guarnaschelli"
234,"Maneet","Chauhan"
235,"Alex","Guarnaschelli"
236,"Maneet","Chauhan"
237,"Alex","Guarnaschelli"
238,"Maneet","Chauhan"
239,"Chris","Santos"
240,"Alex","Guarnaschelli"
241,"Chris","Santos"
242,"Aaron","Sanchez"
243,"Alex","Guarnaschelli"
244,"Maneet","Chauhan"
245,"Aaron","Sanchez"
246,"Amanda","Freitag"
247,"Amanda","Freitag"
248,"Maneet","Chauhan"
249,"Amanda","Freitag"
250,"Marc","Murphy"
251,"Amanda","Freitag"
252,"Amanda","Freitag"
253,"Amanda","Freitag"
254,"Alex","Guarnaschelli"
255,"Alex","Guarnaschelli"
256,"Alex","Guarnaschelli"
257,"Amanda","Freitag"
258,"Chris","Santos"
259,"Alex","Guarnaschelli"
260,"Maneet","Chauhan"
261,"Maneet","Chauhan"
262,"Alex","Guarnaschelli"
263,"Alex","Guarnaschelli"
264,"Alex","Guarnaschelli"
265,"Alex","Guarnaschelli"
266,"Amanda","Freitag"
267,"Aaron","Sanchez"
268,"Alex","Guarnaschelli"
269,"Geoffrey","Zakarian"
270,"Aaron","Sanchez"
271,"Alex","Guarnaschelli"
272,"Amanda","Freitag"
273,"Maneet","Chauhan"
274,"Amanda","Freitag"
275,"Geoffrey","Zakarian"
276,"Maneet","Chauhan"
277,"Scott","Conant"
278,"Amanda","Freitag"
279,"Alex","Guarnaschelli"
280,"Maneet","Chauhan"
281,"Amanda","Freitag"
282,"Christina","Tosi"
283,"Alex","Guarnaschelli"
284,"Chris","Santos"
285,"Alex","Guarnaschelli"
286,"Amanda","Freitag"
287,"Maneet","Chauhan"
288,"Amanda","Freitag"
289,"Maneet","Chauhan"
290,"Aaron","Sanchez"
291,"Maneet","Chauhan"
292,"Alex","Guarnaschelli"
293,"Alex","Guarnaschelli"
294,"Amanda","Freitag"
295,"Alex","Guarnaschelli"
296,"Amanda","Freitag"
297,"Alex","Guarnaschelli"
298,"Amanda","Freitag"
299,"Chris","Santos"
300,"Amanda","Freitag"
301,"Chris","Santos"
302,"Amanda","Freitag"
303,"Geoffrey","Zakarian"
304,"Maneet","Chauhan"
305,"Maneet","Chauhan"
306,"Alex","Guarnaschelli"
307,"Alex","Guarnaschelli"
308,"Aaron","Sanchez"
309,"Alex","Guarnaschelli"
310,"Maneet","Chauhan"
311,"Amanda","Freitag"
312,"Marc","Murphy"
313,"Maneet","Chauhan"
314,"Amanda","Freitag"
315,"Maneet","Chauhan"
316,"Alex","Guarnaschelli"
317,"Alex","Guarnaschelli"
318,"Marcus","Samuelsson"
319,"Maneet","Chauhan"
320,"Maneet","Chauhan"
321,"Alex","Guarnaschelli"
322,"Alex","Guarnaschelli"
323,"Maneet","Chauhan"
324,"Maneet","Chauhan"
325,"Alex","Guarnaschelli"
326,"Maneet","Chauhan"
327,"Alex","Guarnaschelli"
328,"Amanda","Freitag"
329,"Chris","Santos"
330,"Maneet","Chauhan"
331,"Alex","Guarnaschelli"
332,"Maneet","Chauhan"
333,"Tino","Feliciano"
334,"Chris","Santos"
335,"Maneet","Chauhan"
336,"Alex","Guarnaschelli"
337,"Marcus","Samuelsson"
338,"Maneet","Chauhan"
339,"Alex","Guarnaschelli"
340,"Chris","Santos"
341,"Alex","Guarnaschelli"
342,"Scott","Conant"
343,"Amanda","Freitag"
344,"Maneet","Chauhan"
345,"Maneet","Chauhan"
346,"Maneet","Chauhan"
347,"Aaron","Sanchez"
348,"Marc","Murphy"
349,"Maneet","Chauhan"
350,"Alex","Guarnaschelli"
351,"Amanda","Freitag"
352,"Amanda","Freitag"
353,"Alex","Guarnaschelli"
354,"Alex","Guarnaschelli"
355,"Amanda","Freitag"
356,"Alex","Guarnaschelli"
357,"Marc","Murphy"
358,"Maneet","Chauhan"
359,"Alex","Guarnaschelli"
360,"Alex","Guarnaschelli"
361,"Alex","Guarnaschelli"
362,"Amanda","Freitag"
363,"Scott","Conant"
364,"Amanda","Freitag"
365,"Maneet","Chauhan"
366,"Amanda","Freitag"
367,"Alex","Guarnaschelli"
368,"Alex","Guarnaschelli"
369,"Maneet","Chauhan"
370,"Alex","Guarnaschelli"
371,"Alex","Guarnaschelli"
372,"Amanda","Freitag"
373,"Amanda","Freitag"
374,"Marc","Murphy"
375,"Amanda","Freitag"
376,"Amanda","Freitag"
377,"Amanda","Freitag"
378,"Alex","Guarnaschelli"
379,"Amanda","Freitag"
380,"Alex","Guarnaschelli"
381,"Chris","Santos"
382,"Alex","Guarnaschelli"
383,"Alex","Guarnaschelli"
384,"Geoffrey","Zakarian"
385,"Geoffrey","Zakarian"
386,"Alex","Guarnaschelli"
387,"Alex","Guarnaschelli"
388,"Amanda","Freitag"
389,"Alex","Guarnaschelli"
390,"Geoffrey","Zakarian"
391,"Alex","Guarnaschelli"
392,"Amanda","Freitag"
393,"Geoffrey","Zakarian"
394,"Alex","Guarnaschelli"
395,"Geoffrey","Zakarian"
396,"Geoffrey","Zakarian"
397,"Katrina","Markoff"
398,"Amanda","Freitag"
399,"Alex","Guarnaschelli"
400,"Amanda","Freitag"
401,"Geoffrey","Zakarian"
402,"Geoffrey","Zakarian"
403,"Alex","Guarnaschelli"
404,"Maneet","Chauhan"
405,"Amanda","Freitag"
406,"Alex","Guarnaschelli"
407,"Amanda","Freitag"
408,"Amanda","Freitag"
409,"Alex","Guarnaschelli"
410,"Amanda","Freitag"
411,"Amanda","Freitag"
412,"Amanda","Freitag"
413,"Amanda","Freitag"
414,"Amanda","Freitag"
415,"Amanda","Freitag"
416,"Amanda","Freitag"
417,"Alex","Guarnaschelli"
418,"Alex","Guarnaschelli"
419,"Scott","Conant"
420,"Maneet","Chauhan"
421,"Amanda","Freitag"
422,"Amanda","Freitag"
423,"Amanda","Freitag"
424,"Alex","Guarnaschelli"
425,"Amanda","Freitag"
426,"Amanda","Freitag"
427,"Amanda","Freitag"
428,"Amanda","Freitag"
429,"Amanda","Freitag"
430,"Maneet","Chauhan"
431,"Maneet","Chauhan"
432,"Amanda","Freitag"
433,"Alex","Guarnaschelli"
434,"Einat","Admony"
435,"Amanda","Freitag"
436,"Jose","Garces"
437,"Maneet","Chauhan"
438,"Amanda","Freitag"
439,"Maneet","Chauhan"
440,"Amanda","Freitag"
441,"Amanda","Freitag"
442,"Tiffani","Faison"
443,"Maneet","Chauhan"
444,"Chris","Santos"
445,"Amanda","Freitag"
446,"Alex","Guarnaschelli"
447,"Amanda","Freitag"
448,"Alex","Guarnaschelli"
449,"Marc","Murphy"
450,"Alex","Guarnaschelli"
451,"Alex","Guarnaschelli"
452,"Alex","Guarnaschelli"
453,"Amanda","Freitag"
454,"Amanda","Freitag"
455,"Amanda","Freitag"
456,"Maneet","Chauhan"
457,"Geoffrey","Zakarian"
458,"Amanda","Freitag"
459,"Marc","Murphy"
460,"Amanda","Freitag"
461,"Alex","Guarnaschelli"
462,"Alex","Guarnaschelli"
463,"Maneet","Chauhan"
464,"Amanda","Freitag"
465,"Chris","Santos"
466,"Chris","Santos"
467,"Alex","Guarnaschelli"
468,"Amanda","Freitag"
469,"Alex","Guarnaschelli"
470,"Chris","Santos"
471,"Tiffani","Faison"
472,"Marcus","Samuelsson"
473,"Geoffrey","Zakarian"
474,"Marcus","Samuelsson"
475,"Alex","Guarnaschelli"
476,"Amanda","Freitag"
477,"Chris","Santos"
478,"Alex","Guarnaschelli"
479,"Amanda","Freitag"
480,"Maneet","Chauhan"
481,"Marc","Murphy"
482,"Amanda","Freitag"
483,"Amanda","Freitag"
484,"Chris","Santos"
485,"Alex","Guarnaschelli"
486,"Geoffrey","Zakarian"
487,"Amanda","Freitag"
488,"Alex","Guarnaschelli"
489,"Alex","Guarnaschelli"
490,"Amanda","Freitag"
491,"Amanda","Freitag"
492,"Alex","Guarnaschelli"
493,"Maneet","Chauhan"
494,"Alex","Guarnaschelli"
495,"Alex","Guarnaschelli"
496,"Alex","Guarnaschelli"
497,"Alex","Guarnaschelli"
498,"Amanda","Freitag"
499,"Alex","Guarnaschelli"
500,"Alex","Guarnaschelli"
501,"Maneet","Chauhan"
502,"Amanda","Freitag"
503,"Alex","Guarnaschelli"
504,"Amanda","Freitag"
505,"Tiffani","Faison"
506,"Martha","Stewart"
507,"Amanda","Freitag"
508,"Amanda","Freitag"
509,"Amanda","Freitag"
510,"Maneet","Chauhan"
511,"Amanda","Freitag"
512,"Alex","Guarnaschelli"
513,"Maneet","Chauhan"
514,"Marcus","Samuelsson"
515,"Amanda","Freitag"
516,"Geoffrey","Zakarian"
517,"Geoffrey","Zakarian"
518,"Alex","Guarnaschelli"
519,"Alex","Guarnaschelli"
520,"Maneet","Chauhan"
521,"Alex","Guarnaschelli"
522,"Maneet","Chauhan"
523,"Amanda","Freitag"
524,"Amanda","Freitag"
525,"Martha","Stewart"
526,"Martha","Stewart"
527,"Chris","Santos"
528,"Alex","Guarnaschelli"
529,"Alex","Guarnaschelli"
530,"Tiffani","Faison"
531,"Amanda","Freitag"
532,"Amanda","Freitag"
533,"Marc","Murphy"
534,"Alex","Guarnaschelli"
535,"Christopher","Knight"
536,"Eve","Plumb"
537,"Maneet","Chauhan"
538,"Amanda","Freitag"
539,"Scott","Conant"
540,"Chris","Santos"
541,"Maneet","Chauhan"
542,"Alex","Guarnaschelli"
543,"Geoffrey","Zakarian"
544,"Amanda","Freitag"
545,"Alex","Guarnaschelli"
546,"Alex","Guarnaschelli"
547,"Maneet","Chauhan"
548,"Chris","Santos"
549,"Alex","Guarnaschelli"
550,"Alex","Guarnaschelli"
551,"Maneet","Chauhan"
552,"Marc","Murphy"
553,"Amanda","Freitag"
554,"Maneet","Chauhan"
555,"Alex","Guarnaschelli"
556,"Maneet","Chauhan"
557,"Chris","Santos"
558,"Chris","Santos"
559,"Alex","Guarnaschelli"
560,"Amanda","Freitag"
561,"Alex","Guarnaschelli"
562,"Amanda","Freitag"
563,"Amanda","Frietag"
564,"Scott","Conant"
565,"Maneet","Chauhan"
566,"Geoffrey","Zakarian"
567,"Marc","Murphy"
568,"Maneet","Chauhan"
1,"Aaron","Sanchez"
2,"Marc","Murphy"
3,"Marc","Murphy"
4,"Geoffrey","Zakarian"
5,"Marc","Murphy"
6,"Aaron","Sanchez"
7,"Amanda","Freita"
8,"Chris","Santo"
9,"Marc","Murphy"
10,"Geoffrey","Zakarian"
11,"Amanda","Freita"
12,"Geoffrey","Zakarian"
13,"Aaron","Sanchez"
14,"Chris","Santo"
15,"Marc","Murphy"
16,"Marc","Murphy"
17,"Aaron","Sanchez"
18,"Marc","Murphy"
19,"Chris","Santo"
20,"Geoffrey","Zakarian"
21,"Marc","Murphy"
22,"Aaron","Sanchez"
23,"Marc","Murphy"
24,"Aaron","Sanchez"
25,"Marc","Murphy"
26,"Aaron","Sanchez"
27,"Aaron","Sanchez"
28,"Geoffrey","Zakarian"
29,"Marc","Murphy"
30,"Geoffrey","Zakarian"
31,"Chris","Santo"
32,"Aaron","Sanchez"
33,"Marc","Murphy"
34,"Marc","Murphy"
35,"Chris","Santo"
36,"Marc","Murphy"
37,"Aaron","Sanchez"
38,"Aaron","Sanchez"
39,"Chris","Santo"
40,"Geoffrey","Zakarian"
41,"Aaron","Sanchez"
42,"Marc","Murphy"
43,"Aaron","Sanchez"
44,"Aaron","Sanchez"
45,"Aaron","Sanchez"
46,"Aaron","Sanchez"
47,"Jody","William"
48,"Aaron","Sanchez"
49,"Scott","Conant"
50,"Marc","Murphy"
51,"Marc","Murphy"
52,"Chris","Santo"
53,"Marc","Murphy"
54,"Marc","Murphy"
55,"Geoffrey","Zakarian"
56,"Marc","Murphy"
57,"Marc","Murphy"
58,"Marc","Murphy"
59,"Marc","Murphy"
60,"Marc","Murphy"
61,"Geoffrey","Zakarian"
62,"Marc","Murphy"
63,"Geoffrey","Zakarian"
64,"Marc","Murphy"
65,"Marc","Murphy"
66,"Aaron","Sanchez"
67,"Geoffrey","Zakarian"
68,"Marc","Murphy"
69,"Chris","Santo"
70,"Aaron","Sanchez"
71,"Marc","Murphy"
72,"Marcus","Samuelsson"
73,"Marcus","Samuelsson"
74,"Marc","Murphy"
75,"Marcus","Samuelsson"
76,"Chris","Santo"
77,"Chris","Santo"
78,"Marc","Murphy"
79,"Aaron","Sanchez"
80,"Aaron","Sanchez"
81,"Ken","Oringer"
82,"Geoffrey","Zakarian"
83,"Marc","Murphy"
84,"Geoffrey","Zakarian"
85,"Aaron","Sanchez"
86,"Marc","Murphy"
87,"Marc","Murphy"
88,"Marc","Murphy"
89,"Geoffrey","Zakarian"
90,"Marc","Murphy"
91,"Geoffrey","Zakarian"
92,"Marc","Murphy"
93,"Geoffrey","Zakarian"
94,"Geoffrey","Zakarian"
95,"Marc","Murphy"
96,"Marc","Murphy"
97,"Marcus","Samuelsson"
98,"Aaron","Sanchez"
99,"Susan","Feniger"
100,"Maneet","Chauhan"
101,"Aaron","Sanchez"
102,"Chris","Santo"
103,"Marc","Murphy"
104,"Seamus","Mullen"
105,"Marc","Murphy"
106,"Chris","Santo"
107,"Sam","Ka"
108,"Marcus","Samuelsson"
109,"Zakary","Pelaccio"
110,"Marcus","Samuelsson"
111,"Marcus","Samuelsson"
112,"Maneet","Chauhan"
113,"Maneet","Chauhan"
114,"Marc","Murphy"
115,"Aaron","Sanchez"
116,"Chris","Santo"
117,"Aaron","Sanchez"
118,"Aaron","Sanchez"
119,"Aaron","Sanchez"
120,"Aaron","Sanchez"
121,"Anne","Burrell"
122,"Marc","Murphy"
123,"Seamus","Mullen"
124,"Aaron","Sanchez"
125,"Aaron","Sanchez"
126,"Marcus","Samuelsson"
127,"Aaron","Sanchez"
128,"Aaron","Sanchez"
129,"Aaron","Sanchez"
130,"Marcus","Samuelsson"
131,"Missy","Robbin"
132,"Marcus","Samuelsson"
133,"Marc","Murphy"
134,"Marc","Murphy"
135,"Marc","Murphy"
136,"Maneet","Chauhan"
137,"Marc","Murphy"
138,"Amanda","Freita"
139,"Amanda","Freita"
140,"Elizabeth","Karmel"
141,"Amanda","Freita"
142,"Claudia","Flemin"
143,"Aaron","Sanchez"
144,"Marc","Murphy"
145,"Marcus","Samuelsson"
146,"Amanda","Freita"
147,"Aaron","Sanchez"
148,"Marc","Murphy"
149,"Aaron","Sanchez"
150,"Sam","Ka"
151,"Marcus","Samuelsson"
152,"Marcus","Samuelsson"
153,"Chris","Santo"
154,"Marcus","Samuelsson"
155,"Marcus","Samuelsson"
156,"Chris","Santo"
157,"Jet","Tila"
158,"Marc","Murphy"
159,"Chris","Santo"
160,"Marc","Murphy"
161,"Maneet","Chauhan"
162,"Chris","Santo"
163,"Aaron","Sanchez"
164,"Geoffrey","Zakarian"
165,"Amanda","Freita"
166,"Amanda","Freita"
167,"Scott","Conant"
168,"Amanda","Freita"
169,"Chris","Santo"
170,"Marcus","Samuelsson"
171,"Aaron","Sanchez"
172,"Marcus","Samuelsson"
173,"Marcus","Samuelsson"
174,"Aaron","Sanchez"
175,"Geoffrey","Zakarian"
176,"John","Li"
177,"Aaron","Sanchez"
178,"Maneet","Chauhan"
179,"Aaron","Sanchez"
180,"Maneet","Chauhan"
181,"Chris","Santo"
182,"Marcus","Samuelsson"
183,"Marcus","Samuelsson"
184,"Amanda","Freita"
185,"Alex","Guarnaschelli"
186,"Geoffrey","Zakarian"
187,"Geoffrey","Zakarian"
188,"Elizabeth","Karmel"
189,"Marcus","Samuelsson"
190,"Aaron","Sanchez"
191,"Aaron","Sanchez"
192,"Marcus","Samuelsson"
193,"Maneet","Chauhan"
194,"Marcus","Samuelsson"
195,"Geoffrey","Zakarian"
196,"Aaron","Sanchez"
197,"Geoffrey","Zakarian"
198,"Chris","Santo"
199,"Geoffrey","Zakarian"
200,"Marcus","Samuelsson"
201,"Marc","Murphy"
202,"Marcus","Samuelsson"
203,"Cheryl","Barbara"
204,"Geoffrey","Zakarian"
205,"Marcus","Samuelsson"
206,"Geoffrey","Zakarian"
207,"Aaron","Sanchez"
208,"Ron","Ben-Israel"
209,"Maneet","Chauhan"
210,"Aaron","Sanchez"
211,"Aaron","Sanchez"
212,"Amanda","Freita"
213,"Aaron","Sanchez"
214,"Marcus","Samuelsson"
215,"Michelle","Bernstein"
216,"Hooni","Kim"
217,"Marcus","Samuelsson"
218,"Alex","Stupak"
219,"Bruno","DiFabio"
220,"Spike","Mendelsohn"
221,"Christina","Tosi"
222,"Adam","Sobel"
223,"Greg","Koch"
224,"Marc","Murphy"
225,"Silvena","Row"
226,"Geoffrey","Zakarian"
227,"Geoffrey","Zakarian"
228,"Chris","Santo"
229,"Marc","Murphy"
230,"Marc","Murphy"
231,"Geoffrey","Zakarian"
232,"Amanda","Freita"
233,"Geoffrey","Zakarian"
234,"Geoffrey","Zakarian"
235,"Aaron","Sanchez"
236,"Geoffrey","Zakarian"
237,"Marc","Murphy"
238,"Chris","Santo"
239,"Aaron","Sanchez"
240,"Aaron","Sanchez"
241,"John","Li"
242,"Maneet","Chauhan"
243,"Geoffrey","Zakarian"
244,"Chris","Santo"
245,"Marc","Murphy"
246,"Scott","Conant"
247,"Chris","Santo"
248,"Marc","Murphy"
249,"Scott","Conant"
250,"Amanda","Freita"
251,"Geoffrey","Zakarian"
252,"Geoffrey","Zakarian"
253,"Geoffrey","Zakarian"
254,"Alex","Stupak"
255,"Alex","Stupak"
256,"Alex","Stupak"
257,"Scott","Conant"
258,"Scott","Conant"
259,"Scott","Conant"
260,"Chris","Santo"
261,"Marc","Murphy"
262,"Geoffrey","Zakarian"
263,"Scott","Conant"
264,"Scott","Conant"
265,"Aaron","Sanchez"
266,"Geoffrey","Zakarian"
267,"Geoffrey","Zakarian"
268,"Geoffrey","Zakarian"
269,"Chris","Santo"
270,"Geoffrey","Zakarian"
271,"Scott","Conant"
272,"Scott","Conant"
273,"Scott","Conant"
274,"Scott","Conant"
275,"Aaron","Sanchez"
276,"Marc","Murphy"
277,"Chris","Santo"
278,"Chris","Santo"
279,"Scott","Conant"
280,"Chris","Santo"
281,"Alex","Stupak"
282,"Marc","Murphy"
283,"Scott","Conant"
284,"Scott","Conant"
285,"Chris","Santo"
286,"Marc","Murphy"
287,"Chris","Santo"
288,"Chris","Santo"
289,"Geoffrey","Zakarian"
290,"Ray","Lamp"
291,"Scott","Conant"
292,"Chris","Santo"
293,"Geoffrey","Zakarian"
294,"Scott","Conant"
295,"Scott","Conant"
296,"Marc","Murphy"
297,"Chris","Santo"
298,"Maneet","Chauhan"
299,"Roger","Mookin"
300,"Rocco","DiSpirito"
301,"Roger","Mookin"
302,"Aaron","Sanchez"
303,"Aaron","Sanchez"
304,"Scott","Conant"
305,"Scott","Conant"
306,"Scott","Conant"
307,"Scott","Conant"
308,"Geoffrey","Zakarian"
309,"Amanda","Freita"
310,"Marc","Murphy"
311,"Geoffrey","Zakarian"
312,"Scott","Conant"
313,"Edi","Frauneder"
314,"Aaron","Sanchez"
315,"Marcus","Samuelsson"
316,"Aaron","Sanchez"
317,"Geoffrey","Zakarian"
318,"Maneet","Chauhan"
319,"Geoffrey","Zakarian"
320,"Chris","Santo"
321,"Johnny","Iuzzini"
322,"Maneet","Chauhan"
323,"Marc","Murphy"
324,"Chris","Santo"
325,"Chris","Santo"
326,"Scott","Conant"
327,"Chris","Santo"
328,"Chris","Cheun"
329,"Eddie","Jackson"
330,"Chris","Santo"
331,"Scott","Conant"
332,"Geoffrey","Zakarian"
333,"John","Suley"
334,"Aaron","Sanchez"
335,"Aaron","Sanchez"
336,"Maneet","Chauhan"
337,"Nick","Anderer"
338,"Marc","Murphy"
339,"Marcus","Samuelsson"
340,"Christian","Petroni"
341,"Angie","Mar"
342,"Angie","Mar"
343,"Ulrich","Koberstein"
344,"David","Loewenber"
345,"Christian","Petroni"
346,"Geoffrey","Zakarian"
347,"Marcus","Samuelsson"
348,"Janine","Booth"
349,"Chris","Santo"
350,"Geoffrey","Zakarian"
351,"Craig","Samuel"
352,"Edward","L"
353,"Amanda","Freita"
354,"Christian","Petroni"
355,"Maneet","Chauhan"
356,"Geoffrey","Zakarian"
357,"Aaron","Sanchez"
358,"Aaron","Sanchez"
359,"Marc","Murphy"
360,"Amanda","Freita"
361,"Marc","Murphy"
362,"Geoffrey","Zakarian"
363,"Chris","Santo"
364,"Giorgio","Rapicavoli"
365,"Marc","Murphy"
366,"Scott","Conant"
367,"Scott","Conant"
368,"Laura","Vital"
369,"Marc","Murphy"
370,"Aaron","Sanchez"
371,"Aaron","Sanchez"
372,"Aaron","Sanchez"
373,"Chris","Santo"
374,"Chris","Santo"
375,"Aaron","Sanchez"
376,"Scott","Conant"
377,"Marc","Murphy"
378,"Aaron","Sanchez"
379,"Alex","Guarnaschelli"
380,"Chris","Santo"
381,"Scott","Conant"
382,"Maneet","Chauhan"
383,"Aaron","Sanchez"
384,"Marc","Murphy"
385,"Leah","Cohen"
386,"Marc","Murphy"
387,"Chris","Santo"
388,"Chris","Santo"
389,"Maneet","Chauhan"
390,"Dale","Tal"
391,"Jonathon","Sawyer"
392,"Chris","Santo"
393,"Chris","Santo"
394,"Marc","Murphy"
395,"Marcus","Samuelsson"
396,"Eddie","Jackson"
397,"Zac","Youn"
398,"Chris","Santo"
399,"Chris","Santo"
400,"Maneet","Chauhan"
401,"Aaron","Sanchez"
402,"James","Tahhan"
403,"Chris","Santo"
404,"Geoffrey","Zakarian"
405,"Scott","Conant"
406,"Eddie","Jackson"
407,"Marc","Murphy"
408,"Scott","Conant"
409,"Scott","Conant"
410,"Geoffrey","Zakarian"
411,"Jonathon","Sawyer"
412,"Marcus","Samuelsson"
413,"Maneet","Chauhan"
414,"Ali","Khan"
415,"Marc","Murphy"
416,"Alex","Guarnaschelli"
417,"Marcus","Samuelsson"
418,"Elizabeth","Heiskell"
419,"Amanda","Freita"
420,"Hugh","Acheson"
421,"Marcus","Samuelsson"
422,"Wylie","Dufresn"
423,"Alex","Guarnaschelli"
424,"George","Men"
425,"Jordan","Andino"
426,"Maneet","Chauhan"
427,"Marcus","Samuelsson"
428,"Joseph","Johnson"
429,"Geoffrey","Zakarian"
430,"Amanda","Freita"
431,"Amanda","Freita"
432,"Maneet","Chauhan"
433,"Tiffani","Faison"
434,"Michael","Psilaki"
435,"Scott","Conant"
436,"Marc","Forgion"
437,"Amanda","Freita"
438,"Geoffrey","Zakarian"
439,"Amanda","Freita"
440,"Marc","Murphy"
441,"Lauren","Gerri"
442,"Dale","Tal"
443,"David","Gua"
444,"Marc","Murphy"
445,"Jonathon","Sawyer"
446,"Scott","Conant"
447,"Marc","Murphy"
448,"Marc","Murphy"
449,"Geoffrey","Zakarian"
450,"Scott","Conant"
451,"Zac","Youn"
452,"Jason","Kieffer"
453,"Marcus","Samuelsson"
454,"Chris","Santo"
455,"Chris","Santo"
456,"Marc","Murphy"
457,"Chris","Santo"
458,"Scott","Conant"
459,"Marcus","Samuelsson"
460,"Geoffrey","Zakarian"
461,"Geoffrey","Zakarian"
462,"Marcus","Samuelsson"
463,"Marcus","Samuelsson"
464,"Geoffrey","Zakarian"
465,"David","Gua"
466,"Jordan","Andino"
467,"Scott","Conant"
468,"Stephanie","Izar"
469,"Hans","Rockenwagner"
470,"Tyler","Malek"
471,"Chris","Santo"
472,"James","Briscion"
473,"Marc","Murphy"
474,"Chris","Santo"
475,"Geoffrey","Zakarian"
476,"Marcus","Samuelsson"
477,"Amanda","Freita"
478,"Seamus","Mullen"
479,"Geoffrey","Zakarian"
480,"Chris","Santo"
481,"Kari","Underly"
482,"Marcus","Samuelsson"
483,"Jordan","Andino"
484,"Marc","Murphy"
485,"Marc","Murphy"
486,"Chris","Santo"
487,"Marc","Murphy"
488,"Geoffrey","Zakarian"
489,"Tiffani","Faison"
490,"Evan","Funk"
491,"Maneet","Chauhan"
492,"Chris","Santo"
493,"Marcus","Samuelsson"
494,"Marc","Murphy"
495,"Maneet","Chauhaun"
496,"Marcus","Samuelsson"
497,"Marcus","Samuelsson"
498,"Geoffrey","Zakarian"
499,"Geoffrey","Zakarian"
500,"Marc","Murphy"
501,"Chris","Santo"
502,"Geoffrey","Zakarian"
503,"Marc","Murphy"
504,"Marc","Murphy"
505,"Chris","Santo"
506,"Maneet","Chauhan"
507,"Maneet","Chauhan"
508,"Geoffrey","Zakarian"
509,"Geoffrey","Zakarian"
510,"Marc","Murphy"
511,"Geoffrey","Zakarian"
512,"Geoffrey","Zakarian"
513,"Marcus","Samuelsson"
514,"Liz","Thorp"
515,"Maneet","Chauhan"
516,"Marcus","Samuelsson"
517,"Marcus","Samuelsson"
518,"Marcus","Samuelsson"
519,"Chris","Santo"
520,"Chris","Santo"
521,"Marc","Murphy"
522,"Marc","Murphy"
523,"Marc","Murphy"
524,"Marcus","Samuelsson"
525,"Maneet","Chauhan"
526,"Amanda","Freita"
527,"Maneet","Chauhan"
528,"Geoffrey","Zakarian"
529,"Geoffrey","Zakarian"
530,"Scott","Conant"
531,"Moe","Cason"
532,"Chris","Santo"
533,"Angie","Mar"
534,"Scott","Conant"
535,"Susan","Olsen"
536,"Mike","Lookinlan"
537,"Geoffrey","Zakarian"
538,"Valerie","Bertinelli"
539,"Zac","Youn"
540,"Sylvia","Weinstock"
541,"Florian","Bellanger"
542,"Martha","Stewart"
543,"Eduardo","Garcia"
544,"Rose","McGowan"
545,"Kimbal","Musk"
546,"Marc","Murphy"
547,"Scott","Conant"
548,"Angie","Mar"
549,"Scott","Conant"
550,"Amanda","Freita"
551,"Marc","Murphy"
552,"Giorgio","Rapicavoli"
553,"Geoffrey","Zakarian"
554,"Geoffrey","Zakarian"
555,"Marc","Murphy"
556,"Jamie","Bissonnett"
557,"Angie","Mar"
558,"Ayesha","Nurdjaja"
559,"Christian","Petroni"
560,"Giorgio","Rapicavoli"
561,"Thiago","Silva"
562,"Chris","Santo"
563,"David","Burtka"
564,"Erik","Ramirez"
565,"Scott","Conant"
566,"Ray","Garcia"
567,"Esther","Choi"
568,"Geoffrey","Zacharian"
